scenario,sample_id,patient,triage,first_wait,early_wait_j_le_4,schedule_complete,feasible
expected,1,P1,3,0.0,209.34810966914054,True,False
expected,1,P2,3,135.84285762000613,175.98930330072406,True,False
expected,1,P3,2,0.0,48.099672838581625,True,False
expected,1,P4,3,0.0,0.0,True,False
expected,1,P5,3,46.83280758531416,60.30945683539315,True,False
expected,1,P6,3,0.0,7.164807440985356,True,False
expected,1,P7,3,0.0,107.07826733390641,True,False
expected,1,P8,3,163.20602107519272,195.00043649199108,True,False
expected,1,P9,3,0.0,56.58349006766406,True,False
expected,1,P10,3,177.6465019263557,195.12315117643476,True,False
expected,1,P11,3,0.0,0.0,True,False
expected,1,P12,3,0.0,221.3783323521693,True,False
expected,1,P13,3,31.322722848961007,101.71840650199783,True,False
expected,1,P14,3,0.0,0.0,True,False
expected,1,P15,3,0.0,60.48745701124369,True,False
expected,1,P16,3,158.18055855172975,158.18055855172975,True,False
expected,1,P17,3,0.23070462755924837,24.445678502677822,True,False
expected,1,P18,3,0.0,0.0,True,False
expected,1,P19,3,100.98983433595038,132.7842497527488,True,False
expected,1,P20,3,8.751241875710662,8.751241875710662,True,False
expected,1,P21,3,40.990039106611334,90.26110377348868,True,False
expected,1,P22,3,0.0,184.27645200857387,True,False
expected,1,P23,3,163.91588892781306,193.32400998349146,True,False
expected,1,P24,3,0.0,45.34115758217888,True,False
expected,1,P25,3,137.3138854851104,173.46033116582828,True,False
expected,1,P26,3,136.27065367019156,191.08689578154838,True,False
expected,1,P27,2,0.0,0.0,True,False
expected,1,P28,2,0.0,43.69064920235826,True,False
expected,1,P29,2,0.0,94.40590977811871,True,False
expected,1,P30,2,0.0,0.0,True,False
expected,2,P1,3,0.0,0.0,True,False
expected,2,P2,3,128.67805017902077,128.67805017902077,True,False
expected,2,P3,2,85.92242799495456,85.92242799495456,True,False
expected,2,P4,3,0.0,0.0,True,False
expected,2,P5,3,91.3938873667266,91.3938873667266,True,False
expected,2,P6,3,0.0,0.0,True,False
expected,2,P7,3,138.04816445662726,138.04816445662726,True,False
expected,2,P8,3,52.02373099627437,206.90286982444098,True,False
expected,2,P9,3,36.018467843375845,36.018467843375845,True,False
expected,2,P10,3,0.0,95.31934646771941,True,False
expected,2,P11,3,66.7543242434312,66.7543242434312,True,False
expected,2,P12,3,0.0,43.78442712071035,True,False
expected,2,P13,3,12.65292641832201,12.65292641832201,True,False
expected,2,P14,3,0.0,0.0,True,False
expected,2,P15,3,44.17491646857502,115.76374730217185,True,False
expected,2,P16,3,0.0,0.0,True,False
expected,2,P17,3,26.450904126728517,46.31384773792735,True,False
expected,2,P18,3,0.0,0.0,True,False
expected,2,P19,3,68.37564884904077,68.37564884904077,True,False
expected,2,P20,3,0.0,0.0,True,False
expected,2,P21,3,233.96568148125755,233.96568148125755,True,False
expected,2,P22,3,70.96183131699922,70.96183131699922,True,False
expected,2,P23,3,0.0,0.0,True,False
expected,2,P24,3,18.743552001014677,18.743552001014677,True,False
expected,2,P25,3,22.737589418575226,187.8466255269483,True,False
expected,2,P26,3,145.39527265635104,145.39527265635104,True,False
expected,2,P27,2,0.0,0.0,True,False
expected,2,P28,2,36.95232457731879,36.95232457731879,True,False
expected,2,P29,2,9.738922772296064,9.738922772296064,True,False
expected,2,P30,2,19.160168452813423,19.160168452813423,True,False
expected,3,P1,3,0.0,0.0,True,False
expected,3,P2,3,0.0,0.0,True,False
expected,3,P3,2,0.0,0.0,True,False
expected,3,P4,3,0.0,0.0,True,False
expected,3,P5,3,0.0,0.0,True,False
expected,3,P6,3,0.0,0.0,True,False
expected,3,P7,3,0.0,123.8522096050691,True,False
expected,3,P8,3,0.0,154.56523196420216,True,False
expected,3,P9,3,0.0,0.0,True,False
expected,3,P10,3,0.0,0.0,True,False
expected,3,P11,3,0.0,0.0,True,False
expected,3,P12,3,0.0,0.0,True,False
expected,3,P13,3,0.0,0.0,True,False
expected,3,P14,3,0.0,0.0,True,False
expected,3,P15,3,0.0,186.70613245505035,True,False
expected,3,P16,3,0.0,0.0,True,False
expected,3,P17,3,0.0,0.0,True,False
expected,3,P18,3,0.0,0.0,True,False
expected,3,P19,3,0.0,59.86384252061703,True,False
expected,3,P20,3,0.0,93.88891280886116,True,False
expected,3,P21,3,0.0,0.0,True,False
expected,3,P22,3,0.0,24.360563080760812,True,False
expected,3,P23,3,0.0,0.0,True,False
expected,3,P24,3,0.0,0.0,True,False
expected,3,P25,3,0.0,0.0,True,False
expected,3,P26,3,0.0,0.0,True,False
expected,3,P27,2,0.0,0.0,True,False
expected,3,P28,2,0.0,32.95232457731879,True,False
expected,3,P29,2,0.0,0.0,True,False
expected,3,P30,2,0.0,5.818453388916623,True,False
